{"cameraMode":{"drawMode":0,"name":"Shaded","section":"Shading Mode"},"sceneLighting":true,"audioPlay":false,"sceneViewState":{"showFog":true,"showMaterialUpdate":false,"showSkybox":true,"showFlares":true,"showImageEffects":true,"showParticleSystems":true},"in2DMode":false,"pivot":{"x":48.4609260559082,"y":-1.6496682167053223,"z":61.59211730957031},"rotation":{"x":-0.25039809942245486,"y":0.429711252450943,"z":-0.12533973157405854,"w":-0.858457088470459},"size":99.70619201660156,"orthographic":false}